{
  "version": 1,
  "author": "Anonymous maker",
  "editor": "wokwi",
  "parts": [
    { "type": "wokwi-arduino-uno", "id": "uno", "top": -37.8, "left": -19.8, "attrs": {} },
    {
      "type": "wokwi-led",
      "id": "led2",
      "top": -128.4,
      "left": 157.4,
      "attrs": { "color": "red" }
    },
    {
      "type": "wokwi-resistor",
      "id": "r1",
      "top": 80.75,
      "left": 336,
      "attrs": { "value": "4700" }
    },
    {
      "type": "wokwi-resistor",
      "id": "r2",
      "top": -53.65,
      "left": 86.4,
      "attrs": { "value": "220" }
    },
    { "type": "board-ds18b20", "id": "temp1", "top": -97.13, "left": -5.52, "attrs": {} },
    {
      "type": "wokwi-led",
      "id": "led1",
      "top": -147.6,
      "left": 51.8,
      "attrs": { "color": "red" }
    },
    {
      "type": "wokwi-resistor",
      "id": "r3",
      "top": 14.4,
      "left": -202.15,
      "rotate": 90,
      "attrs": { "value": "220" }
    }
  ],
  "connections": [
    [ "temp1:DQ", "uno:2", "green", [ "v0" ] ],
    [ "temp1:GND", "uno:GND.1", "black", [ "v115.2", "h-105.6" ] ],
    [ "temp1:VCC", "uno:5V", "red", [ "v0" ] ],
    [ "r1:1", "uno:5V", "green", [ "v0" ] ],
    [ "temp1:DQ", "r1:2", "green", [ "v0" ] ],
    [ "led2:A", "uno:3", "green", [ "v57.6", "h19.2" ] ],
    [ "led2:C", "r2:2", "green", [ "v0" ] ],
    [ "r2:1", "uno:GND.2", "green", [ "v201.6", "h67.2" ] ],
    [ "led1:A", "uno:4", "green", [ "v0" ] ],
    [ "led1:C", "r3:1", "green", [ "v67.2", "h-268.4" ] ],
    [ "r3:2", "uno:GND.2", "green", [ "h316.8", "v104.4" ] ]
  ],
  "dependencies": {}
}